-- 
-- Set character set the client will use to send SQL statements to the server
--
SET NAMES 'utf8';

--
-- Set default database
--
-- USE classic_news;

--
-- Drop table `tbl_admin`
--
DROP TABLE IF EXISTS tbl_admin;

--
-- Drop table `tbl_category`
--
DROP TABLE IF EXISTS tbl_category;

--
-- Drop table `tbl_news`
--
DROP TABLE IF EXISTS tbl_news;

--
-- Drop table `tbl_news_category`
--
DROP TABLE IF EXISTS tbl_news_category;

--
-- Drop table `tbl_user`
--
DROP TABLE IF EXISTS tbl_user;

--
-- Set default database
--
-- USE classic_news;

--
-- Create table `tbl_user`
--
CREATE TABLE tbl_user (
  SrNo int(11) UNSIGNED NOT NULL AUTO_INCREMENT,
  fullname varchar(255) DEFAULT NULL,
  fathername varchar(255) DEFAULT NULL,
  dbo varchar(10) DEFAULT NULL,
  phone varchar(25) DEFAULT NULL,
  email varchar(255) DEFAULT NULL,
  password varchar(255) DEFAULT NULL,
  address varchar(255) DEFAULT NULL,
  town varchar(150) DEFAULT NULL,
  tahsil varchar(150) DEFAULT NULL,
  district varchar(150) DEFAULT NULL,
  state varchar(150) DEFAULT NULL,
  pin int(11) DEFAULT NULL,
  profile varchar(255) DEFAULT NULL,
  isActive int(1) DEFAULT 1,
  created datetime DEFAULT NULL,
  PRIMARY KEY (SrNo)
)
ENGINE = INNODB,
CHARACTER SET utf8mb4,
COLLATE utf8mb4_unicode_ci;

--
-- Create table `tbl_news_category`
--
CREATE TABLE tbl_news_category (
  news_id int(11) NOT NULL,
  category_id int(11) NOT NULL,
  PRIMARY KEY (news_id, category_id)
)
ENGINE = INNODB,
AVG_ROW_LENGTH = 9,
CHARACTER SET utf8mb4,
COLLATE utf8mb4_unicode_ci;

--
-- Create table `tbl_news`
--
CREATE TABLE tbl_news (
  id int(11) NOT NULL AUTO_INCREMENT,
  isBreaking int(1) DEFAULT 0,
  isTrending int(1) DEFAULT 0,
  featured int(1) DEFAULT 0,
  news_title varchar(500) DEFAULT NULL,
  news_cat varchar(100) DEFAULT NULL,
  news_description text NOT NULL,
  news_cover_img varchar(255) NOT NULL,
  total_review int(11) NOT NULL DEFAULT 0,
  news_views int(11) NOT NULL DEFAULT 0,
  status int(1) NOT NULL DEFAULT 1,
  published_on datetime DEFAULT NULL,
  PRIMARY KEY (id)
)
ENGINE = INNODB,
AUTO_INCREMENT = 24,
AVG_ROW_LENGTH = 5698,
CHARACTER SET utf8mb4,
COLLATE utf8mb4_unicode_ci;

--
-- Create table `tbl_category`
--
CREATE TABLE tbl_category (
  cid int(11) UNSIGNED NOT NULL AUTO_INCREMENT,
  category_name varchar(255) CHARACTER SET utf8 COLLATE utf8_general_ci NOT NULL,
  category_image varchar(255) CHARACTER SET utf8 COLLATE utf8_general_ci NOT NULL,
  post_count int(11) UNSIGNED NOT NULL,
  category_status enum ('0', '1') CHARACTER SET utf8 COLLATE utf8_general_ci DEFAULT '1',
  category_sequence int(11) UNSIGNED NOT NULL,
  PRIMARY KEY (cid)
)
ENGINE = INNODB,
AUTO_INCREMENT = 14,
AVG_ROW_LENGTH = 1260,
CHARACTER SET utf8mb4,
COLLATE utf8mb4_unicode_ci;

--
-- Create table `tbl_admin`
--
CREATE TABLE tbl_admin (
  id int(11) NOT NULL AUTO_INCREMENT,
  usrFullName varchar(100) CHARACTER SET utf8 COLLATE utf8_general_ci NOT NULL,
  usrEmail varchar(200) CHARACTER SET utf8 COLLATE utf8_general_ci DEFAULT NULL,
  usrPwd varchar(100) CHARACTER SET utf8 COLLATE utf8_general_ci NOT NULL,
  image varchar(255) CHARACTER SET utf8 COLLATE utf8_general_ci NOT NULL,
  UserSession varchar(32) CHARACTER SET utf8 COLLATE utf8_general_ci DEFAULT NULL,
  usrStatus enum ('0', '1') CHARACTER SET utf8 COLLATE utf8_general_ci DEFAULT '0',
  PRIMARY KEY (id)
)
ENGINE = INNODB,
AUTO_INCREMENT = 2,
CHARACTER SET utf8mb4,
COLLATE utf8mb4_unicode_ci;

-- 
-- Dumping data for table tbl_user
--
-- Table classic_news.tbl_user does not contain any data (it is empty)

-- 
-- Dumping data for table tbl_news_category
--
INSERT INTO tbl_news_category VALUES
(1, 4),
(1, 6),
(1, 8),
(2, 6),
(3, 3),
(4, 6),
(4, 13),
(5, 1),
(5, 13),
(6, 6),
(6, 9),
(7, 1),
(7, 4),
(7, 8),
(7, 11),
(8, 7),
(9, 4),
(9, 7),
(10, 1),
(10, 4),
(10, 10),
(10, 11),
(10, 12),
(11, 11),
(11, 12),
(12, 4),
(12, 6),
(13, 3),
(13, 6),
(14, 4),
(14, 6),
(15, 1),
(15, 8),
(15, 11),
(16, 1),
(16, 8),
(16, 9),
(16, 10),
(16, 11),
(16, 12),
(17, 2),
(18, 5),
(19, 2),
(19, 5),
(20, 5),
(21, 4),
(21, 13),
(22, 4),
(22, 6),
(22, 8),
(23, 4),
(23, 6),
(24, 8),
(24, 11),
(25, 5),
(25, 8),
(26, 4),
(26, 11);

-- 
-- Dumping data for table tbl_news
--
INSERT INTO tbl_news VALUES
(1, 0, 0, 1, 'Coronavirus - Common questions, How It Spreads', ' 4, 6, 8,', '<p><b>Coronavirus disease (COVID-19) </b>is an infectious disease caused by a newly discovered coronavirus.</p><p>Most people who fall sick with COVID-19 will experience mild to moderate symptoms and recover without special treatment.</p><h4>How It Spreads</h4><p>The virus that causes COVID-19 is mainly transmitted through droplets generated when an infected person coughs, sneezes, or exhales. These droplets are too heavy to hang in the air, and quickly fall on floors or surfaces.</p><p>You can be infected by breathing in the virus if you are within close proximity of someone who has COVID-19, or by touching a contaminated surface and then your eyes, nose or mouth.</p><h4>Prevention</h4><p>Protect yourself and others around you by knowing the facts and taking appropriate precautions. Follow advice provided by your local public health agency.</p><p><b>To prevent the spread of COVID-19:</b></p><ul><li>Clean your hands often. Use soap and water, or an alcohol-based hand rub.</li><li>Maintain a safe distance from anyone who is coughing or sneezing.</li><li>Don?t touch your eyes, nose or mouth.</li><li>Cover your nose and mouth with your bent elbow or a tissue when you cough or sneeze.</li><li>Stay home if you feel unwell.</li><li>If you have a fever, a cough, and difficulty breathing, seek medical attention. Call in advance.</li><li>Follow the directions of your local health authority.</li></ul><p>Avoiding unneeded visits to medical facilities allows healthcare systems to operate more effectively, therefore protecting you and others.</p><h4>Common questions</h4><p><b>What is the recovery time for the coronavirus disease?</b></p><p>Using available preliminary data, the median time from onset to clinical recovery for mild cases is approximately 2 weeks and is 3-6 weeks for patients with severe or critical disease.</p><p><b>Is the coronavirus disease the same as SARS?</b></p><p><b>No.</b> The virus that causes COVID-19 and the one that caused the outbreak of Severe Acute Respiratory Syndrome (SARS) in 2003 are related to each other genetically, but the diseases they cause are quite different.</p><p><b>Who is most at risk for the coronavirus disease?</b></p><p><span style="font-size: 0.9375rem; font-weight: initial;">People of all ages can be infected by the new coronavirus (2019-nCoV). Older people, and people with pre-existing medical conditions (such as asthma, diabetes, heart disease) appear to be more vulnerable to becoming severely ill with the virus.</span></p><p>WHO advises people of all ages to take steps to protect themselves from the virus, for example by following good hand hygiene and good respiratory hygiene.</p><p><b>What is the official name of the coronavirus disease?</b></p><p>ICTV announced ?severe acute respiratory syndrome coronavirus 2 (SARS-CoV-2)? as the name of the new virus on 11 February 2020.</p><p><b>Is the coronavirus disease new?</b></p><p><span style="font-size: 0.9375rem; font-weight: initial;">Coronavirus disease (COVID-19) is a new strain that was discovered in 2019 and has not been previously identified in humans.</span></p><p><b>Is there a vaccine for the coronavirus disease?</b></p><p>When a disease is new, there is no vaccine until one is developed. It can take a number of years for a new vaccine to be developed.</p>', 'dna-structure.jpg', 5, 138, 1, '2020-04-10 00:00:00'),
(2, 1, 0, 1, '10 Amazing Benefits of Running You Might Not Have Known', ' 6,', '<div><span class="ILfuVd NA6bn">Other benefits of <b>running</b> may include improved sleep and mood. Researchers in one study observed a group of healthy adolescents who ran for <b>30 minutes</b> at a moderate-intensity pace every morning for three weeks.</span></div><div><img src="https://img.freepik.com/free-photo/side-view-mother-exercising-along-with-child-home_23-2148492534.jpg?size=364&ext=jpg" style="font-size: 1rem; font-weight: initial;"><br></div><div><b style="font-size: 1rem;"><b>Running</b> can:</b><br></div><div><span class="ILfuVd NA6bn"><div><ul><li>help to build strong bones, as it is a weight bearing exercise.</li><li>strengthen muscles.</li><li>improve cardiovascular fitness.</li><li class="TrT0Xe">burn plenty of kilo-joules.</li><li class="TrT0Xe">help maintain a healthy weight.</li></ul></div></span></div><div><img src="https://www.betterhealth.vic.gov.au/-/media/bhc/images/campaigns/sports/running_istock_74642299_1050x600.jpg" style="width: 50%;"><span style="font-size: 14px;"><br></span></div><ul><li>Getting fit ? if you''re a beginner, you should start with brisk walking, progress to jogging and work up to running. This should take a few months.</li><li>General fitness ? mix your running with other forms of exercise (such as swimming or team sports) to maximise your overall fitness.</li><li>Weight loss ? adjust your diet to include plenty of fresh fruits and vegetables, lean meats, wholegrain cereals and low-fat dairy products. Cut back on dietary fats, takeaway foods, soft drinks and sugar.</li></ul><p><b>What are the differences between C and C++?</b></p><p>Lorem ipsum dolor sit amet, consectetur adipiscing elit. Cras tincidunt nisi nulla, a porta dui interdum at. Etiam est mauris, aliquam eget ultricies ut, pellentesque id metus. Proin fermentum fringilla posuere. Vivamus vulputate aliquet laoreet. Mauris pellentesque libero id semper viverra.</p><p><span style="font-size: 0.9375rem; font-weight: initial;">Morbi venenatis felis dolor, eget iaculis sem rhoncus et. Morbi et purus pellentesque, fringilla nisi vitae, commodo urna. Lorem ipsum dolor sit amet, consectetur adipiscing elit. Fusce fermentum eget quam sit amet semper.</span><br></p><p><span style="font-size: 0.9375rem; font-weight: initial;">Aliquam eleifend ante sapien, et condimentum libero fermentum id. Morbi laoreet pretium erat et porttitor. Fusce ipsum eros, euismod nec neque non, lobortis tempor nibh.</span><br></p><p><span style="font-size: 0.9375rem; font-weight: initial;">Mauris fermentum urna sit amet aliquam sollicitudin. Cras mollis viverra imperdiet. Ut lacinia interdum ullamcorper. Nullam accumsan iaculis nunc, a aliquet velit ornare sit amet. Cras hendrerit diam sed nisi hendrerit, sit amet pellentesque velit ultrices. Morbi dictum odio risus, sit amet malesuada lorem ultrices quis. Suspendisse fringilla ut lacus id scelerisque. Proin suscipit accumsan blandit. Nunc pulvinar ligula et tellus aliquam sodales. Phasellus sollicitudin sollicitudin ornare.</span></p><p>Lorem ipsum dolor sit amet, consectetur adipiscing elit. Cras tincidunt nisi nulla, a porta dui interdum at. Etiam est mauris, aliquam eget ultricies ut, pellentesque id metus. Proin fermentum fringilla posuere. Vivamus vulputate aliquet laoreet. Mauris pellentesque libero id semper viverra.</p><p><span style="font-size: 0.9375rem; font-weight: initial;">Morbi venenatis felis dolor, eget iaculis sem rhoncus et. Morbi et purus pellentesque, fringilla nisi vitae, commodo urna. Lorem ipsum dolor sit amet, consectetur adipiscing elit. Fusce fermentum eget quam sit amet semper.</span><br></p><p><span style="font-size: 0.9375rem; font-weight: initial;">Aliquam eleifend ante sapien, et condimentum libero fermentum id. Morbi laoreet pretium erat et porttitor. Fusce ipsum eros, euismod nec neque non, lobortis tempor nibh.</span><br></p><p><span style="font-size: 0.9375rem; font-weight: initial;">Mauris fermentum urna sit amet aliquam sollicitudin. Cras mollis viverra imperdiet. Ut lacinia interdum ullamcorper. Nullam accumsan iaculis nunc, a aliquet velit ornare sit amet. Cras hendrerit diam sed nisi hendrerit, sit amet pellentesque velit ultrices. Morbi dictum odio risus, sit amet malesuada lorem ultrices quis. Suspendisse fringilla ut lacus id scelerisque. Proin suscipit accumsan blandit. Nunc pulvinar ligula et tellus aliquam sodales. Phasellus sollicitudin sollicitudin ornare.</span></p>', 'running.jpg', 0, 0, 1, '2020-04-11 00:00:00'),
(3, 0, 0, 0, 'French football season ended with no games until at least September', ' 3,', '<p>This is very Cool News. I love it!</p>\r\n<div><img src="https://www.betterhealth.vic.gov.au/-/media/bhc/images/campaigns/sports/running_istock_74642299_1050x600.jpg" style="width: 50%;"></div><ul><li>Getting fit ? if you''re a beginner, you should start with brisk walking, progress to jogging and work up to running. This should take a few months.</li><li>General fitness ? mix your running with other forms of exercise (such as swimming or team sports) to maximise your overall fitness.</li><li>Weight loss ? adjust your diet to include plenty of fresh fruits and vegetables, lean meats, wholegrain cereals and low-fat dairy products. Cut back on dietary fats, takeaway foods, soft drinks and sugar.</li><li>test</li></ul>\r\n<p><b>French football season ended with no games until at least September</b></p><p>Lorem ipsum dolor sit amet, consectetur adipiscing elit. Cras tincidunt nisi nulla, a porta dui interdum at. Etiam est mauris, aliquam eget ultricies ut, pellentesque id metus. Proin fermentum fringilla posuere. Vivamus vulputate aliquet laoreet. Mauris pellentesque libero id semper viverra.</p><p><span style="font-size: 0.9375rem; font-weight: initial;">Morbi venenatis felis dolor, eget iaculis sem rhoncus et. Morbi et purus pellentesque, fringilla nisi vitae, commodo urna. Lorem ipsum dolor sit amet, consectetur adipiscing elit. Fusce fermentum eget quam sit amet semper.</span><br></p><p><span style="font-size: 0.9375rem; font-weight: initial;">Aliquam eleifend ante sapien, et condimentum libero fermentum id. Morbi laoreet pretium erat et porttitor. Fusce ipsum eros, euismod nec neque non, lobortis tempor nibh.</span><br></p><p><span style="font-size: 0.9375rem; font-weight: initial;">Mauris fermentum urna sit amet aliquam sollicitudin. Cras mollis viverra imperdiet. Ut lacinia interdum ullamcorper. Nullam accumsan iaculis nunc, a aliquet velit ornare sit amet. Cras hendrerit diam sed nisi hendrerit, sit amet pellentesque velit ultrices. Morbi dictum odio risus, sit amet malesuada lorem ultrices quis. Suspendisse fringilla ut lacus id scelerisque. Proin suscipit accumsan blandit. Nunc pulvinar ligula et tellus aliquam sodales. Phasellus sollicitudin sollicitudin ornare.</span></p><p>Lorem ipsum dolor sit amet, consectetur adipiscing elit. Cras tincidunt nisi nulla, a porta dui interdum at. Etiam est mauris, aliquam eget ultricies ut, pellentesque id metus. Proin fermentum fringilla posuere. Vivamus vulputate aliquet laoreet. Mauris pellentesque libero id semper viverra.</p><p><span style="font-size: 0.9375rem; font-weight: initial;">Morbi venenatis felis dolor, eget iaculis sem rhoncus et. Morbi et purus pellentesque, fringilla nisi vitae, commodo urna. Lorem ipsum dolor sit amet, consectetur adipiscing elit. Fusce fermentum eget quam sit amet semper.</span><br></p><p><span style="font-size: 0.9375rem; font-weight: initial;">Aliquam eleifend ante sapien, et condimentum libero fermentum id. Morbi laoreet pretium erat et porttitor. Fusce ipsum eros, euismod nec neque non, lobortis tempor nibh.</span><br></p><p><span style="font-size: 0.9375rem; font-weight: initial;">Mauris fermentum urna sit amet aliquam sollicitudin. Cras mollis viverra imperdiet. Ut lacinia interdum ullamcorper. Nullam accumsan iaculis nunc, a aliquet velit ornare sit amet. Cras hendrerit diam sed nisi hendrerit, sit amet pellentesque velit ultrices. Morbi dictum odio risus, sit amet malesuada lorem ultrices quis. Suspendisse fringilla ut lacus id scelerisque. Proin suscipit accumsan blandit. Nunc pulvinar ligula et tellus aliquam sodales. Phasellus sollicitudin sollicitudin ornare.</span></p>', 'soccer.jpg', 0, 0, 1, '2020-04-12 00:00:00'),
(4, 0, 0, 1, 'You''re Eating Pasta Wrong, This Nutrition Pro Says', ' 6, 13,', '<p><b>You''re Eating Pasta Wrong, This Nutrition Pro Says</b></p><p>Lorem ipsum dolor sit amet, consectetur adipiscing elit. Cras tincidunt nisi nulla, a porta dui interdum at. Etiam est mauris, aliquam eget ultricies ut, pellentesque id metus. Proin fermentum fringilla posuere. Vivamus vulputate aliquet laoreet. Mauris pellentesque libero id semper viverra.</p><p><span style="font-size: 0.9375rem; font-weight: initial;">Morbi venenatis felis dolor, eget iaculis sem rhoncus et. Morbi et purus pellentesque, fringilla nisi vitae, commodo urna. Lorem ipsum dolor sit amet, consectetur adipiscing elit. Fusce fermentum eget quam sit amet semper.</span><br></p><p><span style="font-size: 0.9375rem; font-weight: initial;">Aliquam eleifend ante sapien, et condimentum libero fermentum id. Morbi laoreet pretium erat et porttitor. Fusce ipsum eros, euismod nec neque non, lobortis tempor nibh.</span><br></p><p><span style="font-size: 0.9375rem; font-weight: initial;">Mauris fermentum urna sit amet aliquam sollicitudin. Cras mollis viverra imperdiet. Ut lacinia interdum ullamcorper. Nullam accumsan iaculis nunc, a aliquet velit ornare sit amet. Cras hendrerit diam sed nisi hendrerit, sit amet pellentesque velit ultrices. Morbi dictum odio risus, sit amet malesuada lorem ultrices quis. Suspendisse fringilla ut lacus id scelerisque. Proin suscipit accumsan blandit. Nunc pulvinar ligula et tellus aliquam sodales. Phasellus sollicitudin sollicitudin ornare.</span></p><p>Lorem ipsum dolor sit amet, consectetur adipiscing elit. Cras tincidunt nisi nulla, a porta dui interdum at. Etiam est mauris, aliquam eget ultricies ut, pellentesque id metus. Proin fermentum fringilla posuere. Vivamus vulputate aliquet laoreet. Mauris pellentesque libero id semper viverra.</p><p><span style="font-size: 0.9375rem; font-weight: initial;">Morbi venenatis felis dolor, eget iaculis sem rhoncus et. Morbi et purus pellentesque, fringilla nisi vitae, commodo urna. Lorem ipsum dolor sit amet, consectetur adipiscing elit. Fusce fermentum eget quam sit amet semper.</span><br></p><p><span style="font-size: 0.9375rem; font-weight: initial;">Aliquam eleifend ante sapien, et condimentum libero fermentum id. Morbi laoreet pretium erat et porttitor. Fusce ipsum eros, euismod nec neque non, lobortis tempor nibh.</span><br></p><p><span style="font-size: 0.9375rem; font-weight: initial;">Mauris fermentum urna sit amet aliquam sollicitudin. Cras mollis viverra imperdiet. Ut lacinia interdum ullamcorper. Nullam accumsan iaculis nunc, a aliquet velit ornare sit amet. Cras hendrerit diam sed nisi hendrerit, sit amet pellentesque velit ultrices. Morbi dictum odio risus, sit amet malesuada lorem ultrices quis. Suspendisse fringilla ut lacus id scelerisque. Proin suscipit accumsan blandit. Nunc pulvinar ligula et tellus aliquam sodales. Phasellus sollicitudin sollicitudin ornare.</span></p><p><b>What are the differences between C and C++?</b></p><p>Lorem ipsum dolor sit amet, consectetur adipiscing elit. Cras tincidunt nisi nulla, a porta dui interdum at. Etiam est mauris, aliquam eget ultricies ut, pellentesque id metus. Proin fermentum fringilla posuere. Vivamus vulputate aliquet laoreet. Mauris pellentesque libero id semper viverra.</p><p><span style="font-size: 0.9375rem; font-weight: initial;">Morbi venenatis felis dolor, eget iaculis sem rhoncus et. Morbi et purus pellentesque, fringilla nisi vitae, commodo urna. Lorem ipsum dolor sit amet, consectetur adipiscing elit. Fusce fermentum eget quam sit amet semper.</span><br></p><p><span style="font-size: 0.9375rem; font-weight: initial;">Aliquam eleifend ante sapien, et condimentum libero fermentum id. Morbi laoreet pretium erat et porttitor. Fusce ipsum eros, euismod nec neque non, lobortis tempor nibh.</span><br></p><p><span style="font-size: 0.9375rem; font-weight: initial;">Mauris fermentum urna sit amet aliquam sollicitudin. Cras mollis viverra imperdiet. Ut lacinia interdum ullamcorper. Nullam accumsan iaculis nunc, a aliquet velit ornare sit amet. Cras hendrerit diam sed nisi hendrerit, sit amet pellentesque velit ultrices. Morbi dictum odio risus, sit amet malesuada lorem ultrices quis. Suspendisse fringilla ut lacus id scelerisque. Proin suscipit accumsan blandit. Nunc pulvinar ligula et tellus aliquam sodales. Phasellus sollicitudin sollicitudin ornare.</span></p><p>Lorem ipsum dolor sit amet, consectetur adipiscing elit. Cras tincidunt nisi nulla, a porta dui interdum at. Etiam est mauris, aliquam eget ultricies ut, pellentesque id metus. Proin fermentum fringilla posuere. Vivamus vulputate aliquet laoreet. Mauris pellentesque libero id semper viverra.</p><p><span style="font-size: 0.9375rem; font-weight: initial;">Morbi venenatis felis dolor, eget iaculis sem rhoncus et. Morbi et purus pellentesque, fringilla nisi vitae, commodo urna. Lorem ipsum dolor sit amet, consectetur adipiscing elit. Fusce fermentum eget quam sit amet semper.</span><br></p><p><span style="font-size: 0.9375rem; font-weight: initial;">Aliquam eleifend ante sapien, et condimentum libero fermentum id. Morbi laoreet pretium erat et porttitor. Fusce ipsum eros, euismod nec neque non, lobortis tempor nibh.</span><br></p><p><span style="font-size: 0.9375rem; font-weight: initial;">Mauris fermentum urna sit amet aliquam sollicitudin. Cras mollis viverra imperdiet. Ut lacinia interdum ullamcorper. Nullam accumsan iaculis nunc, a aliquet velit ornare sit amet. Cras hendrerit diam sed nisi hendrerit, sit amet pellentesque velit ultrices. Morbi dictum odio risus, sit amet malesuada lorem ultrices quis. Suspendisse fringilla ut lacus id scelerisque. Proin suscipit accumsan blandit. Nunc pulvinar ligula et tellus aliquam sodales. Phasellus sollicitudin sollicitudin ornare.</span></p>', 'farfalle-pasta.jpg', 0, 0, 1, '2020-04-13 00:00:00'),
(5, 0, 0, 0, 'A big asteroid will fly by Earth Wednesday, but don''t panic. It won''t hit us', ' 1, 13,', '<p><b>A big asteroid will fly by Earth Wednesday, but don''t panic. It won''t hit us</b></p><p>Lorem ipsum dolor sit amet, consectetur adipiscing elit. Cras tincidunt nisi nulla, a porta dui interdum at. Etiam est mauris, aliquam eget ultricies ut, pellentesque id metus. Proin fermentum fringilla posuere. Vivamus vulputate aliquet laoreet. Mauris pellentesque libero id semper viverra.</p><p><span style="font-size: 0.9375rem; font-weight: initial;">Morbi venenatis felis dolor, eget iaculis sem rhoncus et. Morbi et purus pellentesque, fringilla nisi vitae, commodo urna. Lorem ipsum dolor sit amet, consectetur adipiscing elit. Fusce fermentum eget quam sit amet semper.</span><br></p><p><span style="font-size: 0.9375rem; font-weight: initial;">Aliquam eleifend ante sapien, et condimentum libero fermentum id. Morbi laoreet pretium erat et porttitor. Fusce ipsum eros, euismod nec neque non, lobortis tempor nibh.</span><br></p><p><span style="font-size: 0.9375rem; font-weight: initial;">Mauris fermentum urna sit amet aliquam sollicitudin. Cras mollis viverra imperdiet. Ut lacinia interdum ullamcorper. Nullam accumsan iaculis nunc, a aliquet velit ornare sit amet. Cras hendrerit diam sed nisi hendrerit, sit amet pellentesque velit ultrices. Morbi dictum odio risus, sit amet malesuada lorem ultrices quis. Suspendisse fringilla ut lacus id scelerisque. Proin suscipit accumsan blandit. Nunc pulvinar ligula et tellus aliquam sodales. Phasellus sollicitudin sollicitudin ornare.</span></p><p>Lorem ipsum dolor sit amet, consectetur adipiscing elit. Cras tincidunt nisi nulla, a porta dui interdum at. Etiam est mauris, aliquam eget ultricies ut, pellentesque id metus. Proin fermentum fringilla posuere. Vivamus vulputate aliquet laoreet. Mauris pellentesque libero id semper viverra.</p><p><span style="font-size: 0.9375rem; font-weight: initial;">Morbi venenatis felis dolor, eget iaculis sem rhoncus et. Morbi et purus pellentesque, fringilla nisi vitae, commodo urna. Lorem ipsum dolor sit amet, consectetur adipiscing elit. Fusce fermentum eget quam sit amet semper.</span><br></p><p><span style="font-size: 0.9375rem; font-weight: initial;">Aliquam eleifend ante sapien, et condimentum libero fermentum id. Morbi laoreet pretium erat et porttitor. Fusce ipsum eros, euismod nec neque non, lobortis tempor nibh.</span><br></p><p><span style="font-size: 0.9375rem; font-weight: initial;">Mauris fermentum urna sit amet aliquam sollicitudin. Cras mollis viverra imperdiet. Ut lacinia interdum ullamcorper. Nullam accumsan iaculis nunc, a aliquet velit ornare sit amet. Cras hendrerit diam sed nisi hendrerit, sit amet pellentesque velit ultrices. Morbi dictum odio risus, sit amet malesuada lorem ultrices quis. Suspendisse fringilla ut lacus id scelerisque. Proin suscipit accumsan blandit. Nunc pulvinar ligula et tellus aliquam sodales. Phasellus sollicitudin sollicitudin ornare.</span></p><p><b>What are the differences between C and C++?</b></p><p>Lorem ipsum dolor sit amet, consectetur adipiscing elit. Cras tincidunt nisi nulla, a porta dui interdum at. Etiam est mauris, aliquam eget ultricies ut, pellentesque id metus. Proin fermentum fringilla posuere. Vivamus vulputate aliquet laoreet. Mauris pellentesque libero id semper viverra.</p><p><span style="font-size: 0.9375rem; font-weight: initial;">Morbi venenatis felis dolor, eget iaculis sem rhoncus et. Morbi et purus pellentesque, fringilla nisi vitae, commodo urna. Lorem ipsum dolor sit amet, consectetur adipiscing elit. Fusce fermentum eget quam sit amet semper.</span><br></p><p><span style="font-size: 0.9375rem; font-weight: initial;">Aliquam eleifend ante sapien, et condimentum libero fermentum id. Morbi laoreet pretium erat et porttitor. Fusce ipsum eros, euismod nec neque non, lobortis tempor nibh.</span><br></p><p><span style="font-size: 0.9375rem; font-weight: initial;">Mauris fermentum urna sit amet aliquam sollicitudin. Cras mollis viverra imperdiet. Ut lacinia interdum ullamcorper. Nullam accumsan iaculis nunc, a aliquet velit ornare sit amet. Cras hendrerit diam sed nisi hendrerit, sit amet pellentesque velit ultrices. Morbi dictum odio risus, sit amet malesuada lorem ultrices quis. Suspendisse fringilla ut lacus id scelerisque. Proin suscipit accumsan blandit. Nunc pulvinar ligula et tellus aliquam sodales. Phasellus sollicitudin sollicitudin ornare.</span></p><p>Lorem ipsum dolor sit amet, consectetur adipiscing elit. Cras tincidunt nisi nulla, a porta dui interdum at. Etiam est mauris, aliquam eget ultricies ut, pellentesque id metus. Proin fermentum fringilla posuere. Vivamus vulputate aliquet laoreet. Mauris pellentesque libero id semper viverra.</p><p><span style="font-size: 0.9375rem; font-weight: initial;">Morbi venenatis felis dolor, eget iaculis sem rhoncus et. Morbi et purus pellentesque, fringilla nisi vitae, commodo urna. Lorem ipsum dolor sit amet, consectetur adipiscing elit. Fusce fermentum eget quam sit amet semper.</span><br></p><p><span style="font-size: 0.9375rem; font-weight: initial;">Aliquam eleifend ante sapien, et condimentum libero fermentum id. Morbi laoreet pretium erat et porttitor. Fusce ipsum eros, euismod nec neque non, lobortis tempor nibh.</span><br></p><p><span style="font-size: 0.9375rem; font-weight: initial;">Mauris fermentum urna sit amet aliquam sollicitudin. Cras mollis viverra imperdiet. Ut lacinia interdum ullamcorper. Nullam accumsan iaculis nunc, a aliquet velit ornare sit amet. Cras hendrerit diam sed nisi hendrerit, sit amet pellentesque velit ultrices. Morbi dictum odio risus, sit amet malesuada lorem ultrices quis. Suspendisse fringilla ut lacus id scelerisque. Proin suscipit accumsan blandit. Nunc pulvinar ligula et tellus aliquam sodales. Phasellus sollicitudin sollicitudin ornare.</span></p>', 'uranus.jpg', 0, 0, 1, '2020-04-14 00:00:00'),
(6, 0, 0, 1, 'Happiness for me is a chaotic whirlwind of new people and opportunity', ' 6, 9,', '<p><b>One in five parents would prefer children to be successful than happy</b></p><p>Lorem ipsum dolor sit amet, consectetur adipiscing elit. Cras tincidunt nisi nulla, a porta dui interdum at. Etiam est mauris, aliquam eget ultricies ut, pellentesque id metus. Proin fermentum fringilla posuere. Vivamus vulputate aliquet laoreet. Mauris pellentesque libero id semper viverra.</p><p><span style="font-size: 0.9375rem; font-weight: initial;">Morbi venenatis felis dolor, eget iaculis sem rhoncus et. Morbi et purus pellentesque, fringilla nisi vitae, commodo urna. Lorem ipsum dolor sit amet, consectetur adipiscing elit. Fusce fermentum eget quam sit amet semper.</span><br></p><p><span style="font-size: 0.9375rem; font-weight: initial;">Aliquam eleifend ante sapien, et condimentum libero fermentum id. Morbi laoreet pretium erat et porttitor. Fusce ipsum eros, euismod nec neque non, lobortis tempor nibh.</span><br></p><p><span style="font-size: 0.9375rem; font-weight: initial;">Mauris fermentum urna sit amet aliquam sollicitudin. Cras mollis viverra imperdiet. Ut lacinia interdum ullamcorper. Nullam accumsan iaculis nunc, a aliquet velit ornare sit amet. Cras hendrerit diam sed nisi hendrerit, sit amet pellentesque velit ultrices. Morbi dictum odio risus, sit amet malesuada lorem ultrices quis. Suspendisse fringilla ut lacus id scelerisque. Proin suscipit accumsan blandit. Nunc pulvinar ligula et tellus aliquam sodales. Phasellus sollicitudin sollicitudin ornare.</span></p><p>Lorem ipsum dolor sit amet, consectetur adipiscing elit. Cras tincidunt nisi nulla, a porta dui interdum at. Etiam est mauris, aliquam eget ultricies ut, pellentesque id metus. Proin fermentum fringilla posuere. Vivamus vulputate aliquet laoreet. Mauris pellentesque libero id semper viverra.</p><p><span style="font-size: 0.9375rem; font-weight: initial;">Morbi venenatis felis dolor, eget iaculis sem rhoncus et. Morbi et purus pellentesque, fringilla nisi vitae, commodo urna. Lorem ipsum dolor sit amet, consectetur adipiscing elit. Fusce fermentum eget quam sit amet semper.</span><br></p><p><span style="font-size: 0.9375rem; font-weight: initial;">Aliquam eleifend ante sapien, et condimentum libero fermentum id. Morbi laoreet pretium erat et porttitor. Fusce ipsum eros, euismod nec neque non, lobortis tempor nibh.</span><br></p><p><span style="font-size: 0.9375rem; font-weight: initial;">Mauris fermentum urna sit amet aliquam sollicitudin. Cras mollis viverra imperdiet. Ut lacinia interdum ullamcorper. Nullam accumsan iaculis nunc, a aliquet velit ornare sit amet. Cras hendrerit diam sed nisi hendrerit, sit amet pellentesque velit ultrices. Morbi dictum odio risus, sit amet malesuada lorem ultrices quis. Suspendisse fringilla ut lacus id scelerisque. Proin suscipit accumsan blandit. Nunc pulvinar ligula et tellus aliquam sodales. Phasellus sollicitudin sollicitudin ornare.</span></p>', 'smiley-woman.jpg', 0, 0, 1, '2020-04-15 00:00:00'),
(7, 0, 0, 1, 'Number Of Startup Layoffs Surpasses 20K Amid COVID-19 Pandemic', ' 1, 4, 8, 11,', '<p><b>A common thread at all firms is a high level of anxiety, fear of the unknown and pressure to outperform in a suboptimal market.</b></p><p>Lorem ipsum dolor sit amet, consectetur adipiscing elit. Cras tincidunt nisi nulla, a porta dui interdum at. Etiam est mauris, aliquam eget ultricies ut, pellentesque id metus. Proin fermentum fringilla posuere. Vivamus vulputate aliquet laoreet. Mauris pellentesque libero id semper viverra.</p><p><span style="font-size: 0.9375rem; font-weight: initial;">Morbi venenatis felis dolor, eget iaculis sem rhoncus et. Morbi et purus pellentesque, fringilla nisi vitae, commodo urna. Lorem ipsum dolor sit amet, consectetur adipiscing elit. Fusce fermentum eget quam sit amet semper.</span><br></p><p><span style="font-size: 0.9375rem; font-weight: initial;">Aliquam eleifend ante sapien, et condimentum libero fermentum id. Morbi laoreet pretium erat et porttitor. Fusce ipsum eros, euismod nec neque non, lobortis tempor nibh.</span><br></p><p><span style="font-size: 0.9375rem; font-weight: initial;">Mauris fermentum urna sit amet aliquam sollicitudin. Cras mollis viverra imperdiet. Ut lacinia interdum ullamcorper. Nullam accumsan iaculis nunc, a aliquet velit ornare sit amet. Cras hendrerit diam sed nisi hendrerit, sit amet pellentesque velit ultrices. Morbi dictum odio risus, sit amet malesuada lorem ultrices quis. Suspendisse fringilla ut lacus id scelerisque. Proin suscipit accumsan blandit. Nunc pulvinar ligula et tellus aliquam sodales. Phasellus sollicitudin sollicitudin ornare.</span></p><p>Lorem ipsum dolor sit amet, consectetur adipiscing elit. Cras tincidunt nisi nulla, a porta dui interdum at. Etiam est mauris, aliquam eget ultricies ut, pellentesque id metus. Proin fermentum fringilla posuere. Vivamus vulputate aliquet laoreet. Mauris pellentesque libero id semper viverra.</p><p><span style="font-size: 0.9375rem; font-weight: initial;">Morbi venenatis felis dolor, eget iaculis sem rhoncus et. Morbi et purus pellentesque, fringilla nisi vitae, commodo urna. Lorem ipsum dolor sit amet, consectetur adipiscing elit. Fusce fermentum eget quam sit amet semper.</span><br></p><p><span style="font-size: 0.9375rem; font-weight: initial;">Aliquam eleifend ante sapien, et condimentum libero fermentum id. Morbi laoreet pretium erat et porttitor. Fusce ipsum eros, euismod nec neque non, lobortis tempor nibh.</span><br></p><p><span style="font-size: 0.9375rem; font-weight: initial;">Mauris fermentum urna sit amet aliquam sollicitudin. Cras mollis viverra imperdiet. Ut lacinia interdum ullamcorper. Nullam accumsan iaculis nunc, a aliquet velit ornare sit amet. Cras hendrerit diam sed nisi hendrerit, sit amet pellentesque velit ultrices. Morbi dictum odio risus, sit amet malesuada lorem ultrices quis. Suspendisse fringilla ut lacus id scelerisque. Proin suscipit accumsan blandit. Nunc pulvinar ligula et tellus aliquam sodales. Phasellus sollicitudin sollicitudin ornare.</span></p>', 'layoff.jpg', 0, 0, 1, '2020-04-16 00:00:00'),
(8, 0, 0, 1, 'Pending CBSE Board Exams After Lockdown: Education Minister', ' 7,', '<p><b>The pending exams include both optional subjects and main academic subjects.</b></p><p>Lorem ipsum dolor sit amet, consectetur adipiscing elit. Cras tincidunt nisi nulla, a porta dui interdum at. Etiam est mauris, aliquam eget ultricies ut, pellentesque id metus. Proin fermentum fringilla posuere. Vivamus vulputate aliquet laoreet. Mauris pellentesque libero id semper viverra.</p><p><span style="font-size: 0.9375rem; font-weight: initial;">Morbi venenatis felis dolor, eget iaculis sem rhoncus et. Morbi et purus pellentesque, fringilla nisi vitae, commodo urna. Lorem ipsum dolor sit amet, consectetur adipiscing elit. Fusce fermentum eget quam sit amet semper.</span><br></p><p><span style="font-size: 0.9375rem; font-weight: initial;">Aliquam eleifend ante sapien, et condimentum libero fermentum id. Morbi laoreet pretium erat et porttitor. Fusce ipsum eros, euismod nec neque non, lobortis tempor nibh.</span><br></p><p><span style="font-size: 0.9375rem; font-weight: initial;">Mauris fermentum urna sit amet aliquam sollicitudin. Cras mollis viverra imperdiet. Ut lacinia interdum ullamcorper. Nullam accumsan iaculis nunc, a aliquet velit ornare sit amet. Cras hendrerit diam sed nisi hendrerit, sit amet pellentesque velit ultrices. Morbi dictum odio risus, sit amet malesuada lorem ultrices quis. Suspendisse fringilla ut lacus id scelerisque. Proin suscipit accumsan blandit. Nunc pulvinar ligula et tellus aliquam sodales. Phasellus sollicitudin sollicitudin ornare.</span></p><p>Lorem ipsum dolor sit amet, consectetur adipiscing elit. Cras tincidunt nisi nulla, a porta dui interdum at. Etiam est mauris, aliquam eget ultricies ut, pellentesque id metus. Proin fermentum fringilla posuere. Vivamus vulputate aliquet laoreet. Mauris pellentesque libero id semper viverra.</p><p><span style="font-size: 0.9375rem; font-weight: initial;">Morbi venenatis felis dolor, eget iaculis sem rhoncus et. Morbi et purus pellentesque, fringilla nisi vitae, commodo urna. Lorem ipsum dolor sit amet, consectetur adipiscing elit. Fusce fermentum eget quam sit amet semper.</span><br></p><p><span style="font-size: 0.9375rem; font-weight: initial;">Aliquam eleifend ante sapien, et condimentum libero fermentum id. Morbi laoreet pretium erat et porttitor. Fusce ipsum eros, euismod nec neque non, lobortis tempor nibh.</span><br></p><p><span style="font-size: 0.9375rem; font-weight: initial;">Mauris fermentum urna sit amet aliquam sollicitudin. Cras mollis viverra imperdiet. Ut lacinia interdum ullamcorper. Nullam accumsan iaculis nunc, a aliquet velit ornare sit amet. Cras hendrerit diam sed nisi hendrerit, sit amet pellentesque velit ultrices. Morbi dictum odio risus, sit amet malesuada lorem ultrices quis. Suspendisse fringilla ut lacus id scelerisque. Proin suscipit accumsan blandit. Nunc pulvinar ligula et tellus aliquam sodales. Phasellus sollicitudin sollicitudin ornare.</span></p>', 'exam.jpg', 0, 0, 1, '2020-04-18 01:03:46'),
(9, 0, 0, 0, 'UGC likely to give universities freedom to decide exam plan, but there may be no winter break', ' 4, 7,', '<p><b>Semester exams across universities have been pending because of the lockdown</b></p><p>Lorem ipsum dolor sit amet, consectetur adipiscing elit. Cras tincidunt nisi nulla, a porta dui interdum at. Etiam est mauris, aliquam eget ultricies ut, pellentesque id metus. Proin fermentum fringilla posuere. Vivamus vulputate aliquet laoreet. Mauris pellentesque libero id semper viverra.</p><p><span style="font-size: 0.9375rem; font-weight: initial;">Morbi venenatis felis dolor, eget iaculis sem rhoncus et. Morbi et purus pellentesque, fringilla nisi vitae, commodo urna. Lorem ipsum dolor sit amet, consectetur adipiscing elit. Fusce fermentum eget quam sit amet semper.</span><br></p><p><span style="font-size: 0.9375rem; font-weight: initial;">Aliquam eleifend ante sapien, et condimentum libero fermentum id. Morbi laoreet pretium erat et porttitor. Fusce ipsum eros, euismod nec neque non, lobortis tempor nibh.</span><br></p><p><span style="font-size: 0.9375rem; font-weight: initial;">Mauris fermentum urna sit amet aliquam sollicitudin. Cras mollis viverra imperdiet. Ut lacinia interdum ullamcorper. Nullam accumsan iaculis nunc, a aliquet velit ornare sit amet. Cras hendrerit diam sed nisi hendrerit, sit amet pellentesque velit ultrices. Morbi dictum odio risus, sit amet malesuada lorem ultrices quis. Suspendisse fringilla ut lacus id scelerisque. Proin suscipit accumsan blandit. Nunc pulvinar ligula et tellus aliquam sodales. Phasellus sollicitudin sollicitudin ornare.</span></p><p>Lorem ipsum dolor sit amet, consectetur adipiscing elit. Cras tincidunt nisi nulla, a porta dui interdum at. Etiam est mauris, aliquam eget ultricies ut, pellentesque id metus. Proin fermentum fringilla posuere. Vivamus vulputate aliquet laoreet. Mauris pellentesque libero id semper viverra.</p><p><span style="font-size: 0.9375rem; font-weight: initial;">Morbi venenatis felis dolor, eget iaculis sem rhoncus et. Morbi et purus pellentesque, fringilla nisi vitae, commodo urna. Lorem ipsum dolor sit amet, consectetur adipiscing elit. Fusce fermentum eget quam sit amet semper.</span><br></p><p><span style="font-size: 0.9375rem; font-weight: initial;">Aliquam eleifend ante sapien, et condimentum libero fermentum id. Morbi laoreet pretium erat et porttitor. Fusce ipsum eros, euismod nec neque non, lobortis tempor nibh.</span><br></p><p><span style="font-size: 0.9375rem; font-weight: initial;">Mauris fermentum urna sit amet aliquam sollicitudin. Cras mollis viverra imperdiet. Ut lacinia interdum ullamcorper. Nullam accumsan iaculis nunc, a aliquet velit ornare sit amet. Cras hendrerit diam sed nisi hendrerit, sit amet pellentesque velit ultrices. Morbi dictum odio risus, sit amet malesuada lorem ultrices quis. Suspendisse fringilla ut lacus id scelerisque. Proin suscipit accumsan blandit. Nunc pulvinar ligula et tellus aliquam sodales. Phasellus sollicitudin sollicitudin ornare.</span></p>', 'for-exam.jpg', 0, 0, 1, '2020-04-17 21:38:37'),
(10, 0, 1, 0, 'Startups in India that are shrinking operations amid the lockdown to contain the Covid-19 outbreak, putting jobs on the line', ' 1, 4, 10, 11, 12,', '<p><b>What are the differences between C and C++?</b></p><p>Lorem ipsum dolor sit amet, consectetur adipiscing elit. Cras tincidunt nisi nulla, a porta dui interdum at. Etiam est mauris, aliquam eget ultricies ut, pellentesque id metus. Proin fermentum fringilla posuere. Vivamus vulputate aliquet laoreet. Mauris pellentesque libero id semper viverra.</p><p><span style="font-size: 0.9375rem; font-weight: initial;">Morbi venenatis felis dolor, eget iaculis sem rhoncus et. Morbi et purus pellentesque, fringilla nisi vitae, commodo urna. Lorem ipsum dolor sit amet, consectetur adipiscing elit. Fusce fermentum eget quam sit amet semper.</span><br></p><p><span style="font-size: 0.9375rem; font-weight: initial;">Aliquam eleifend ante sapien, et condimentum libero fermentum id. Morbi laoreet pretium erat et porttitor. Fusce ipsum eros, euismod nec neque non, lobortis tempor nibh.</span><br></p><p><span style="font-size: 0.9375rem; font-weight: initial;">Mauris fermentum urna sit amet aliquam sollicitudin. Cras mollis viverra imperdiet. Ut lacinia interdum ullamcorper. Nullam accumsan iaculis nunc, a aliquet velit ornare sit amet. Cras hendrerit diam sed nisi hendrerit, sit amet pellentesque velit ultrices. Morbi dictum odio risus, sit amet malesuada lorem ultrices quis. Suspendisse fringilla ut lacus id scelerisque. Proin suscipit accumsan blandit. Nunc pulvinar ligula et tellus aliquam sodales. Phasellus sollicitudin sollicitudin ornare.</span></p><p>Lorem ipsum dolor sit amet, consectetur adipiscing elit. Cras tincidunt nisi nulla, a porta dui interdum at. Etiam est mauris, aliquam eget ultricies ut, pellentesque id metus. Proin fermentum fringilla posuere. Vivamus vulputate aliquet laoreet. Mauris pellentesque libero id semper viverra.</p><p><span style="font-size: 0.9375rem; font-weight: initial;">Morbi venenatis felis dolor, eget iaculis sem rhoncus et. Morbi et purus pellentesque, fringilla nisi vitae, commodo urna. Lorem ipsum dolor sit amet, consectetur adipiscing elit. Fusce fermentum eget quam sit amet semper.</span><br></p><p><span style="font-size: 0.9375rem; font-weight: initial;">Aliquam eleifend ante sapien, et condimentum libero fermentum id. Morbi laoreet pretium erat et porttitor. Fusce ipsum eros, euismod nec neque non, lobortis tempor nibh.</span><br></p><p><span style="font-size: 0.9375rem; font-weight: initial;">Mauris fermentum urna sit amet aliquam sollicitudin. Cras mollis viverra imperdiet. Ut lacinia interdum ullamcorper. Nullam accumsan iaculis nunc, a aliquet velit ornare sit amet. Cras hendrerit diam sed nisi hendrerit, sit amet pellentesque velit ultrices. Morbi dictum odio risus, sit amet malesuada lorem ultrices quis. Suspendisse fringilla ut lacus id scelerisque. Proin suscipit accumsan blandit. Nunc pulvinar ligula et tellus aliquam sodales. Phasellus sollicitudin sollicitudin ornare.</span></p>', 'unemployment.jpg', 0, 0, 1, '2020-04-17 21:45:10'),
(11, 1, 0, 1, 'Latest Startup News From The Indian Startup ecosystem', ' 11, 12,', '<p>Latest Startup News From The Indian Startup ecosystem</p><p>Lorem ipsum dolor sit amet, consectetur adipiscing elit. Cras tincidunt nisi nulla, a porta dui interdum at. Etiam est mauris, aliquam eget ultricies ut, pellentesque id metus. Proin fermentum fringilla posuere. Vivamus vulputate aliquet laoreet. Mauris pellentesque libero id semper viverra.</p><p><span style="font-size: 0.9375rem; font-weight: initial;">Morbi venenatis felis dolor, eget iaculis sem rhoncus et. Morbi et purus pellentesque, fringilla nisi vitae, commodo urna. Lorem ipsum dolor sit amet, consectetur adipiscing elit. Fusce fermentum eget quam sit amet semper.</span><br></p><p><span style="font-size: 0.9375rem; font-weight: initial;">Aliquam eleifend ante sapien, et condimentum libero fermentum id. Morbi laoreet pretium erat et porttitor. Fusce ipsum eros, euismod nec neque non, lobortis tempor nibh.</span><br></p><p><span style="font-size: 0.9375rem; font-weight: initial;">Mauris fermentum urna sit amet aliquam sollicitudin. Cras mollis viverra imperdiet. Ut lacinia interdum ullamcorper. Nullam accumsan iaculis nunc, a aliquet velit ornare sit amet. Cras hendrerit diam sed nisi hendrerit, sit amet pellentesque velit ultrices. Morbi dictum odio risus, sit amet malesuada lorem ultrices quis. Suspendisse fringilla ut lacus id scelerisque. Proin suscipit accumsan blandit. Nunc pulvinar ligula et tellus aliquam sodales. Phasellus sollicitudin sollicitudin ornare.</span></p><p>Lorem ipsum dolor sit amet, consectetur adipiscing elit. Cras tincidunt nisi nulla, a porta dui interdum at. Etiam est mauris, aliquam eget ultricies ut, pellentesque id metus. Proin fermentum fringilla posuere. Vivamus vulputate aliquet laoreet. Mauris pellentesque libero id semper viverra.</p><p><span style="font-size: 0.9375rem; font-weight: initial;">Morbi venenatis felis dolor, eget iaculis sem rhoncus et. Morbi et purus pellentesque, fringilla nisi vitae, commodo urna. Lorem ipsum dolor sit amet, consectetur adipiscing elit. Fusce fermentum eget quam sit amet semper.</span><br></p><p><span style="font-size: 0.9375rem; font-weight: initial;">Aliquam eleifend ante sapien, et condimentum libero fermentum id. Morbi laoreet pretium erat et porttitor. Fusce ipsum eros, euismod nec neque non, lobortis tempor nibh.</span><br></p><p><span style="font-size: 0.9375rem; font-weight: initial;">Mauris fermentum urna sit amet aliquam sollicitudin. Cras mollis viverra imperdiet. Ut lacinia interdum ullamcorper. Nullam accumsan iaculis nunc, a aliquet velit ornare sit amet. Cras hendrerit diam sed nisi hendrerit, sit amet pellentesque velit ultrices. Morbi dictum odio risus, sit amet malesuada lorem ultrices quis. Suspendisse fringilla ut lacus id scelerisque. Proin suscipit accumsan blandit. Nunc pulvinar ligula et tellus aliquam sodales. Phasellus sollicitudin sollicitudin ornare.</span></p>', 'startup.jpg', 0, 0, 1, '2020-04-18 01:18:16'),
(12, 1, 0, 1, 'Coronavirus lockdown taking toll on economic and social life', ' 4, 6,', '<p>I am a disco dancer.&nbsp;<span style="font-size: 0.9375rem; font-weight: initial;">Jindagi mera Gaana</span></p><p><b>There are no college students cramming around campuses, preparing for final exams.</b></p><p>Lorem ipsum dolor sit amet, consectetur adipiscing elit. Cras tincidunt nisi nulla, a porta dui interdum at. Etiam est mauris, aliquam eget ultricies ut, pellentesque id metus. Proin fermentum fringilla posuere. Vivamus vulputate aliquet laoreet. Mauris pellentesque libero id semper viverra.</p><p><span style="font-size: 0.9375rem; font-weight: initial;">Morbi venenatis felis dolor, eget iaculis sem rhoncus et. Morbi et purus pellentesque, fringilla nisi vitae, commodo urna. Lorem ipsum dolor sit amet, consectetur adipiscing elit. Fusce fermentum eget quam sit amet semper.</span><br></p><p><span style="font-size: 0.9375rem; font-weight: initial;">Aliquam eleifend ante sapien, et condimentum libero fermentum id. Morbi laoreet pretium erat et porttitor. Fusce ipsum eros, euismod nec neque non, lobortis tempor nibh.</span><br></p><p><span style="font-size: 0.9375rem; font-weight: initial;">Mauris fermentum urna sit amet aliquam sollicitudin. Cras mollis viverra imperdiet. Ut lacinia interdum ullamcorper. Nullam accumsan iaculis nunc, a aliquet velit ornare sit amet. Cras hendrerit diam sed nisi hendrerit, sit amet pellentesque velit ultrices. Morbi dictum odio risus, sit amet malesuada lorem ultrices quis. Suspendisse fringilla ut lacus id scelerisque. Proin suscipit accumsan blandit. Nunc pulvinar ligula et tellus aliquam sodales. Phasellus sollicitudin sollicitudin ornare.</span></p><p>Lorem ipsum dolor sit amet, consectetur adipiscing elit. Cras tincidunt nisi nulla, a porta dui interdum at. Etiam est mauris, aliquam eget ultricies ut, pellentesque id metus. Proin fermentum fringilla posuere. Vivamus vulputate aliquet laoreet. Mauris pellentesque libero id semper viverra.</p><p><span style="font-size: 0.9375rem; font-weight: initial;">Morbi venenatis felis dolor, eget iaculis sem rhoncus et. Morbi et purus pellentesque, fringilla nisi vitae, commodo urna. Lorem ipsum dolor sit amet, consectetur adipiscing elit. Fusce fermentum eget quam sit amet semper.</span><br></p><p><span style="font-size: 0.9375rem; font-weight: initial;">Aliquam eleifend ante sapien, et condimentum libero fermentum id. Morbi laoreet pretium erat et porttitor. Fusce ipsum eros, euismod nec neque non, lobortis tempor nibh.</span><br></p><p><span style="font-size: 0.9375rem; font-weight: initial;">Mauris fermentum urna sit amet aliquam sollicitudin. Cras mollis viverra imperdiet. Ut lacinia interdum ullamcorper. Nullam accumsan iaculis nunc, a aliquet velit ornare sit amet. Cras hendrerit diam sed nisi hendrerit, sit amet pellentesque velit ultrices. Morbi dictum odio risus, sit amet malesuada lorem ultrices quis. Suspendisse fringilla ut lacus id scelerisque. Proin suscipit accumsan blandit. Nunc pulvinar ligula et tellus aliquam sodales. Phasellus sollicitudin sollicitudin ornare.</span></p>', 'having-fun.jpg', 0, 0, 1, '2020-04-18 01:19:41'),
(13, 1, 0, 1, '12 reasons to do a skipping workout for Good Health', ' 3, 6,', '<p>Skipping is one of the cheapest, most effective, fat burning workouts you can do. And it''s fun too. So what''s stopping you?</p><p>Lorem ipsum dolor sit amet, consectetur adipiscing elit. Cras tincidunt nisi nulla, a porta dui interdum at. Etiam est mauris, aliquam eget ultricies ut, pellentesque id metus. Proin fermentum fringilla posuere. Vivamus vulputate aliquet laoreet. Mauris pellentesque libero id semper viverra.</p><p><span style="font-size: 0.9375rem; font-weight: initial;">Morbi venenatis felis dolor, eget iaculis sem rhoncus et. Morbi et purus pellentesque, fringilla nisi vitae, commodo urna. Lorem ipsum dolor sit amet, consectetur adipiscing elit. Fusce fermentum eget quam sit amet semper.</span><br></p><p><span style="font-size: 0.9375rem; font-weight: initial;">Aliquam eleifend ante sapien, et condimentum libero fermentum id. Morbi laoreet pretium erat et porttitor. Fusce ipsum eros, euismod nec neque non, lobortis tempor nibh.</span><br></p><p><span style="font-size: 0.9375rem; font-weight: initial;">Mauris fermentum urna sit amet aliquam sollicitudin. Cras mollis viverra imperdiet. Ut lacinia interdum ullamcorper. Nullam accumsan iaculis nunc, a aliquet velit ornare sit amet. Cras hendrerit diam sed nisi hendrerit, sit amet pellentesque velit ultrices. Morbi dictum odio risus, sit amet malesuada lorem ultrices quis. Suspendisse fringilla ut lacus id scelerisque. Proin suscipit accumsan blandit. Nunc pulvinar ligula et tellus aliquam sodales. Phasellus sollicitudin sollicitudin ornare.</span></p><p>Lorem ipsum dolor sit amet, consectetur adipiscing elit. Cras tincidunt nisi nulla, a porta dui interdum at. Etiam est mauris, aliquam eget ultricies ut, pellentesque id metus. Proin fermentum fringilla posuere. Vivamus vulputate aliquet laoreet. Mauris pellentesque libero id semper viverra.</p><p><span style="font-size: 0.9375rem; font-weight: initial;">Morbi venenatis felis dolor, eget iaculis sem rhoncus et. Morbi et purus pellentesque, fringilla nisi vitae, commodo urna. Lorem ipsum dolor sit amet, consectetur adipiscing elit. Fusce fermentum eget quam sit amet semper.</span><br></p><p><span style="font-size: 0.9375rem; font-weight: initial;">Aliquam eleifend ante sapien, et condimentum libero fermentum id. Morbi laoreet pretium erat et porttitor. Fusce ipsum eros, euismod nec neque non, lobortis tempor nibh.</span><br></p><p><span style="font-size: 0.9375rem; font-weight: initial;">Mauris fermentum urna sit amet aliquam sollicitudin. Cras mollis viverra imperdiet. Ut lacinia interdum ullamcorper. Nullam accumsan iaculis nunc, a aliquet velit ornare sit amet. Cras hendrerit diam sed nisi hendrerit, sit amet pellentesque velit ultrices. Morbi dictum odio risus, sit amet malesuada lorem ultrices quis. Suspendisse fringilla ut lacus id scelerisque. Proin suscipit accumsan blandit. Nunc pulvinar ligula et tellus aliquam sodales. Phasellus sollicitudin sollicitudin ornare.</span></p>', 'skipping.jpg', 0, 0, 1, '2020-04-18 01:28:56'),
(14, 1, 0, 1, 'Guidance on social distancing for everyone', ' 4, 6,', '<p>We are advising those who are at increased risk of severe illness from coronavirus (COVID-19) to be particularly stringent in following social distancing measures.</p><p><span style="font-size: 0.9375rem; font-weight: initial;">Lorem ipsum dolor sit amet, consectetur adipiscing elit. Cras tincidunt nisi nulla, a porta dui interdum at. Etiam est mauris, aliquam eget ultricies ut, pellentesque id metus. Proin fermentum fringilla posuere. Vivamus vulputate aliquet laoreet. Mauris pellentesque libero id semper viverra.</span></p><p><span style="font-size: 0.9375rem; font-weight: initial;">Morbi venenatis felis dolor, eget iaculis sem rhoncus et. Morbi et purus pellentesque, fringilla nisi vitae, commodo urna. Lorem ipsum dolor sit amet, consectetur adipiscing elit. Fusce fermentum eget quam sit amet semper.</span><br></p><p><span style="font-size: 0.9375rem; font-weight: initial;">Aliquam eleifend ante sapien, et condimentum libero fermentum id. Morbi laoreet pretium erat et porttitor. Fusce ipsum eros, euismod nec neque non, lobortis tempor nibh.</span><br></p><p><span style="font-size: 0.9375rem; font-weight: initial;">Mauris fermentum urna sit amet aliquam sollicitudin. Cras mollis viverra imperdiet. Ut lacinia interdum ullamcorper. Nullam accumsan iaculis nunc, a aliquet velit ornare sit amet. Cras hendrerit diam sed nisi hendrerit, sit amet pellentesque velit ultrices. Morbi dictum odio risus, sit amet malesuada lorem ultrices quis. Suspendisse fringilla ut lacus id scelerisque. Proin suscipit accumsan blandit. Nunc pulvinar ligula et tellus aliquam sodales. Phasellus sollicitudin sollicitudin ornare.</span></p><p>Lorem ipsum dolor sit amet, consectetur adipiscing elit. Cras tincidunt nisi nulla, a porta dui interdum at. Etiam est mauris, aliquam eget ultricies ut, pellentesque id metus. Proin fermentum fringilla posuere. Vivamus vulputate aliquet laoreet. Mauris pellentesque libero id semper viverra.</p><p><span style="font-size: 0.9375rem; font-weight: initial;">Morbi venenatis felis dolor, eget iaculis sem rhoncus et. Morbi et purus pellentesque, fringilla nisi vitae, commodo urna. Lorem ipsum dolor sit amet, consectetur adipiscing elit. Fusce fermentum eget quam sit amet semper.</span><br></p><p><span style="font-size: 0.9375rem; font-weight: initial;">Aliquam eleifend ante sapien, et condimentum libero fermentum id. Morbi laoreet pretium erat et porttitor. Fusce ipsum eros, euismod nec neque non, lobortis tempor nibh.</span></p><p>Mauris fermentum urna sit amet aliquam sollicitudin. Cras mollis viverra imperdiet. Ut lacinia interdum ullamcorper. Nullam accumsan iaculis nunc, a aliquet velit ornare sit amet. Cras hendrerit diam sed nisi hendrerit, sit amet pellentesque velit ultrices. Morbi dictum odio risus, sit amet malesuada lorem ultrices quis. Suspendisse fringilla ut lacus id scelerisque. Proin suscipit accumsan blandit. Nunc pulvinar ligula et tellus aliquam sodales. Phasellus sollicitudin sollicitudin ornare.</p>', 'social-distancing.jpg', 0, 0, 1, '2020-04-18 01:32:41'),
(15, 1, 0, 0, '10 Amazing Benefits of Running You Might Not Have Known', ' 1, 8, 11,', '<div><img src="https://www.betterhealth.vic.gov.au/-/media/bhc/images/campaigns/sports/running_istock_74642299_1050x600.jpg" style="width: 35%;"><span style="font-size: 14px;"><br></span></div><div><span style="font-size: 14px;"><br></span></div><ul><li>Getting fit ? if you''re a beginner, you should start with brisk walking, progress to jogging and work up to running. This should take a few months.</li><li>General fitness ? mix your running with other forms of exercise (such as swimming or team sports) to maximise your overall fitness.</li><li>Weight loss ? adjust your diet to include plenty of fresh fruits and vegetables, lean meats, wholegrain cereals and low-fat dairy products. Cut back on dietary fats, takeaway foods, soft drinks and sugar.</li></ul>', 'pizza.jpg', 0, 0, 1, '2020-04-21 03:14:01'),
(16, 1, 1, 0, 'How travel tech companies aim to survive the coronavirus pandemic', ' 1, 8, 9, 10, 11, 12,', '<p><b>The coronavirus pandemic has so far had devastating consequences across the travel industry.</b></p><p>Lorem ipsum dolor sit amet, consectetur adipiscing elit. Cras tincidunt nisi nulla, a porta dui interdum at. Etiam est mauris, aliquam eget ultricies ut, pellentesque id metus. Proin fermentum fringilla posuere. Vivamus vulputate aliquet laoreet. Mauris pellentesque libero id semper viverra.</p><p><span style="font-size: 0.9375rem; font-weight: initial;">Morbi venenatis felis dolor, eget iaculis sem rhoncus et. Morbi et purus pellentesque, fringilla nisi vitae, commodo urna. Lorem ipsum dolor sit amet, consectetur adipiscing elit. Fusce fermentum eget quam sit amet semper.</span><br></p><p><span style="font-size: 0.9375rem; font-weight: initial;">Aliquam eleifend ante sapien, et condimentum libero fermentum id. Morbi laoreet pretium erat et porttitor. Fusce ipsum eros, euismod nec neque non, lobortis tempor nibh.</span><br></p><p><span style="font-size: 0.9375rem; font-weight: initial;">Mauris fermentum urna sit amet aliquam sollicitudin. Cras mollis viverra imperdiet. Ut lacinia interdum ullamcorper. Nullam accumsan iaculis nunc, a aliquet velit ornare sit amet. Cras hendrerit diam sed nisi hendrerit, sit amet pellentesque velit ultrices. Morbi dictum odio risus, sit amet malesuada lorem ultrices quis. Suspendisse fringilla ut lacus id scelerisque. Proin suscipit accumsan blandit. Nunc pulvinar ligula et tellus aliquam sodales. Phasellus sollicitudin sollicitudin ornare.</span></p><p>Lorem ipsum dolor sit amet, consectetur adipiscing elit. Cras tincidunt nisi nulla, a porta dui interdum at. Etiam est mauris, aliquam eget ultricies ut, pellentesque id metus. Proin fermentum fringilla posuere. Vivamus vulputate aliquet laoreet. Mauris pellentesque libero id semper viverra.</p><p><span style="font-size: 0.9375rem; font-weight: initial;">Morbi venenatis felis dolor, eget iaculis sem rhoncus et. Morbi et purus pellentesque, fringilla nisi vitae, commodo urna. Lorem ipsum dolor sit amet, consectetur adipiscing elit. Fusce fermentum eget quam sit amet semper.</span><br></p><p><span style="font-size: 0.9375rem; font-weight: initial;">Aliquam eleifend ante sapien, et condimentum libero fermentum id. Morbi laoreet pretium erat et porttitor. Fusce ipsum eros, euismod nec neque non, lobortis tempor nibh.</span><br></p><p><span style="font-size: 0.9375rem; font-weight: initial;">Mauris fermentum urna sit amet aliquam sollicitudin. Cras mollis viverra imperdiet. Ut lacinia interdum ullamcorper. Nullam accumsan iaculis nunc, a aliquet velit ornare sit amet. Cras hendrerit diam sed nisi hendrerit, sit amet pellentesque velit ultrices. Morbi dictum odio risus, sit amet malesuada lorem ultrices quis. Suspendisse fringilla ut lacus id scelerisque. Proin suscipit accumsan blandit. Nunc pulvinar ligula et tellus aliquam sodales. Phasellus sollicitudin sollicitudin ornare.</span></p>', 'travel-destination.jpg', 0, 0, 1, '2020-04-23 03:31:51'),
(17, 1, 1, 0, '100 teachings that will help you grow in the knowledge, faith, and power of our Savior.', ' 2,', '<p>100 teachings that will help you grow in the knowledge, faith, and power of our Savior.</p><p>Lorem ipsum dolor sit amet, consectetur adipiscing elit. Cras tincidunt nisi nulla, a porta dui interdum at. Etiam est mauris, aliquam eget ultricies ut, pellentesque id metus. Proin fermentum fringilla posuere. Vivamus vulputate aliquet laoreet. Mauris pellentesque libero id semper viverra.</p><p><span style="font-size: 0.9375rem; font-weight: initial;">Morbi venenatis felis dolor, eget iaculis sem rhoncus et. Morbi et purus pellentesque, fringilla nisi vitae, commodo urna. Lorem ipsum dolor sit amet, consectetur adipiscing elit. Fusce fermentum eget quam sit amet semper.</span><br></p><p><span style="font-size: 0.9375rem; font-weight: initial;">Aliquam eleifend ante sapien, et condimentum libero fermentum id. Morbi laoreet pretium erat et porttitor. Fusce ipsum eros, euismod nec neque non, lobortis tempor nibh.</span><br></p><p><span style="font-size: 0.9375rem; font-weight: initial;">Mauris fermentum urna sit amet aliquam sollicitudin. Cras mollis viverra imperdiet. Ut lacinia interdum ullamcorper. Nullam accumsan iaculis nunc, a aliquet velit ornare sit amet. Cras hendrerit diam sed nisi hendrerit, sit amet pellentesque velit ultrices. Morbi dictum odio risus, sit amet malesuada lorem ultrices quis. Suspendisse fringilla ut lacus id scelerisque. Proin suscipit accumsan blandit. Nunc pulvinar ligula et tellus aliquam sodales. Phasellus sollicitudin sollicitudin ornare.</span></p><p>Lorem ipsum dolor sit amet, consectetur adipiscing elit. Cras tincidunt nisi nulla, a porta dui interdum at. Etiam est mauris, aliquam eget ultricies ut, pellentesque id metus. Proin fermentum fringilla posuere. Vivamus vulputate aliquet laoreet. Mauris pellentesque libero id semper viverra.</p><p><span style="font-size: 0.9375rem; font-weight: initial;">Morbi venenatis felis dolor, eget iaculis sem rhoncus et. Morbi et purus pellentesque, fringilla nisi vitae, commodo urna. Lorem ipsum dolor sit amet, consectetur adipiscing elit. Fusce fermentum eget quam sit amet semper.</span><br></p><p><span style="font-size: 0.9375rem; font-weight: initial;">Aliquam eleifend ante sapien, et condimentum libero fermentum id. Morbi laoreet pretium erat et porttitor. Fusce ipsum eros, euismod nec neque non, lobortis tempor nibh.</span><br></p><p><span style="font-size: 0.9375rem; font-weight: initial;">Mauris fermentum urna sit amet aliquam sollicitudin. Cras mollis viverra imperdiet. Ut lacinia interdum ullamcorper. Nullam accumsan iaculis nunc, a aliquet velit ornare sit amet. Cras hendrerit diam sed nisi hendrerit, sit amet pellentesque velit ultrices. Morbi dictum odio risus, sit amet malesuada lorem ultrices quis. Suspendisse fringilla ut lacus id scelerisque. Proin suscipit accumsan blandit. Nunc pulvinar ligula et tellus aliquam sodales. Phasellus sollicitudin sollicitudin ornare.</span></p>', 'peaceful-man.png', 0, 0, 1, '2020-04-23 03:32:23'),
(18, 1, 0, 1, 'Pankaj Tripathi is popular for his roles in several web series.', ' 5,', '<p>Pankaj Tripathi is popular for his roles in several web series.</p><p>Lorem ipsum dolor sit amet, consectetur adipiscing elit. Cras tincidunt nisi nulla, a porta dui interdum at. Etiam est mauris, aliquam eget ultricies ut, pellentesque id metus. Proin fermentum fringilla posuere. Vivamus vulputate aliquet laoreet. Mauris pellentesque libero id semper viverra.</p><p><span style="font-size: 0.9375rem; font-weight: initial;">Morbi venenatis felis dolor, eget iaculis sem rhoncus et. Morbi et purus pellentesque, fringilla nisi vitae, commodo urna. Lorem ipsum dolor sit amet, consectetur adipiscing elit. Fusce fermentum eget quam sit amet semper.</span><br></p><p><span style="font-size: 0.9375rem; font-weight: initial;">Aliquam eleifend ante sapien, et condimentum libero fermentum id. Morbi laoreet pretium erat et porttitor. Fusce ipsum eros, euismod nec neque non, lobortis tempor nibh.</span><br></p><p><span style="font-size: 0.9375rem; font-weight: initial;">Mauris fermentum urna sit amet aliquam sollicitudin. Cras mollis viverra imperdiet. Ut lacinia interdum ullamcorper. Nullam accumsan iaculis nunc, a aliquet velit ornare sit amet. Cras hendrerit diam sed nisi hendrerit, sit amet pellentesque velit ultrices. Morbi dictum odio risus, sit amet malesuada lorem ultrices quis. Suspendisse fringilla ut lacus id scelerisque. Proin suscipit accumsan blandit. Nunc pulvinar ligula et tellus aliquam sodales. Phasellus sollicitudin sollicitudin ornare.</span></p><p>Lorem ipsum dolor sit amet, consectetur adipiscing elit. Cras tincidunt nisi nulla, a porta dui interdum at. Etiam est mauris, aliquam eget ultricies ut, pellentesque id metus. Proin fermentum fringilla posuere. Vivamus vulputate aliquet laoreet. Mauris pellentesque libero id semper viverra.</p><p><span style="font-size: 0.9375rem; font-weight: initial;">Morbi venenatis felis dolor, eget iaculis sem rhoncus et. Morbi et purus pellentesque, fringilla nisi vitae, commodo urna. Lorem ipsum dolor sit amet, consectetur adipiscing elit. Fusce fermentum eget quam sit amet semper.</span><br></p><p><span style="font-size: 0.9375rem; font-weight: initial;">Aliquam eleifend ante sapien, et condimentum libero fermentum id. Morbi laoreet pretium erat et porttitor. Fusce ipsum eros, euismod nec neque non, lobortis tempor nibh.</span><br></p><p><span style="font-size: 0.9375rem; font-weight: initial;">Mauris fermentum urna sit amet aliquam sollicitudin. Cras mollis viverra imperdiet. Ut lacinia interdum ullamcorper. Nullam accumsan iaculis nunc, a aliquet velit ornare sit amet. Cras hendrerit diam sed nisi hendrerit, sit amet pellentesque velit ultrices. Morbi dictum odio risus, sit amet malesuada lorem ultrices quis. Suspendisse fringilla ut lacus id scelerisque. Proin suscipit accumsan blandit. Nunc pulvinar ligula et tellus aliquam sodales. Phasellus sollicitudin sollicitudin ornare.</span></p>', 'pankaj_tripathi.jpeg', 0, 0, 1, '2020-04-23 03:34:38'),
(19, 1, 0, 1, 'Ramayana: 170 million viewers in 4 shows since re-launch', ' 2, 5,', '<p>This catapulted the Ramanand Sagar production as the highest watched serial in the Hindi general entertainment space ever, the Broadcast Audience Research Council said.</p><p>Lorem ipsum dolor sit amet, consectetur adipiscing elit. Cras tincidunt nisi nulla, a porta dui interdum at. Etiam est mauris, aliquam eget ultricies ut, pellentesque id metus. Proin fermentum fringilla posuere. Vivamus vulputate aliquet laoreet. Mauris pellentesque libero id semper viverra.</p><p><span style="font-size: 0.9375rem; font-weight: initial;">Morbi venenatis felis dolor, eget iaculis sem rhoncus et. Morbi et purus pellentesque, fringilla nisi vitae, commodo urna. Lorem ipsum dolor sit amet, consectetur adipiscing elit. Fusce fermentum eget quam sit amet semper.</span><br></p><p><span style="font-size: 0.9375rem; font-weight: initial;">Aliquam eleifend ante sapien, et condimentum libero fermentum id. Morbi laoreet pretium erat et porttitor. Fusce ipsum eros, euismod nec neque non, lobortis tempor nibh.</span><br></p><p><span style="font-size: 0.9375rem; font-weight: initial;">Mauris fermentum urna sit amet aliquam sollicitudin. Cras mollis viverra imperdiet. Ut lacinia interdum ullamcorper. Nullam accumsan iaculis nunc, a aliquet velit ornare sit amet. Cras hendrerit diam sed nisi hendrerit, sit amet pellentesque velit ultrices. Morbi dictum odio risus, sit amet malesuada lorem ultrices quis. Suspendisse fringilla ut lacus id scelerisque. Proin suscipit accumsan blandit. Nunc pulvinar ligula et tellus aliquam sodales. Phasellus sollicitudin sollicitudin ornare.</span></p><p>Lorem ipsum dolor sit amet, consectetur adipiscing elit. Cras tincidunt nisi nulla, a porta dui interdum at. Etiam est mauris, aliquam eget ultricies ut, pellentesque id metus. Proin fermentum fringilla posuere. Vivamus vulputate aliquet laoreet. Mauris pellentesque libero id semper viverra.</p><p><span style="font-size: 0.9375rem; font-weight: initial;">Morbi venenatis felis dolor, eget iaculis sem rhoncus et. Morbi et purus pellentesque, fringilla nisi vitae, commodo urna. Lorem ipsum dolor sit amet, consectetur adipiscing elit. Fusce fermentum eget quam sit amet semper.</span><br></p><p><span style="font-size: 0.9375rem; font-weight: initial;">Aliquam eleifend ante sapien, et condimentum libero fermentum id. Morbi laoreet pretium erat et porttitor. Fusce ipsum eros, euismod nec neque non, lobortis tempor nibh.</span><br></p><p><span style="font-size: 0.9375rem; font-weight: initial;">Mauris fermentum urna sit amet aliquam sollicitudin. Cras mollis viverra imperdiet. Ut lacinia interdum ullamcorper. Nullam accumsan iaculis nunc, a aliquet velit ornare sit amet. Cras hendrerit diam sed nisi hendrerit, sit amet pellentesque velit ultrices. Morbi dictum odio risus, sit amet malesuada lorem ultrices quis. Suspendisse fringilla ut lacus id scelerisque. Proin suscipit accumsan blandit. Nunc pulvinar ligula et tellus aliquam sodales. Phasellus sollicitudin sollicitudin ornare.</span></p>', 'ramayana.jpg', 0, 0, 1, '2020-04-23 03:34:59'),
(20, 0, 0, 1, '10 new shows and movies on Netflix, Amazon Prime Video and Disney+ Hotstar releasing this week', ' 5,', '<p>Now even though the last date of the lockdown is only a week away, there is no decrease in the number of people affected by the coronavirus in the country.</p><p>Lorem ipsum dolor sit amet, consectetur adipiscing elit. Cras tincidunt nisi nulla, a porta dui interdum at. Etiam est mauris, aliquam eget ultricies ut, pellentesque id metus. Proin fermentum fringilla posuere. Vivamus vulputate aliquet laoreet. Mauris pellentesque libero id semper viverra.</p><p><span style="font-size: 0.9375rem; font-weight: initial;">Morbi venenatis felis dolor, eget iaculis sem rhoncus et. Morbi et purus pellentesque, fringilla nisi vitae, commodo urna. Lorem ipsum dolor sit amet, consectetur adipiscing elit. Fusce fermentum eget quam sit amet semper.</span><br></p><p><span style="font-size: 0.9375rem; font-weight: initial;">Aliquam eleifend ante sapien, et condimentum libero fermentum id. Morbi laoreet pretium erat et porttitor. Fusce ipsum eros, euismod nec neque non, lobortis tempor nibh.</span><br></p><p><span style="font-size: 0.9375rem; font-weight: initial;">Mauris fermentum urna sit amet aliquam sollicitudin. Cras mollis viverra imperdiet. Ut lacinia interdum ullamcorper. Nullam accumsan iaculis nunc, a aliquet velit ornare sit amet. Cras hendrerit diam sed nisi hendrerit, sit amet pellentesque velit ultrices. Morbi dictum odio risus, sit amet malesuada lorem ultrices quis. Suspendisse fringilla ut lacus id scelerisque. Proin suscipit accumsan blandit. Nunc pulvinar ligula et tellus aliquam sodales. Phasellus sollicitudin sollicitudin ornare.</span></p><p>Lorem ipsum dolor sit amet, consectetur adipiscing elit. Cras tincidunt nisi nulla, a porta dui interdum at. Etiam est mauris, aliquam eget ultricies ut, pellentesque id metus. Proin fermentum fringilla posuere. Vivamus vulputate aliquet laoreet. Mauris pellentesque libero id semper viverra.</p><p><span style="font-size: 0.9375rem; font-weight: initial;">Morbi venenatis felis dolor, eget iaculis sem rhoncus et. Morbi et purus pellentesque, fringilla nisi vitae, commodo urna. Lorem ipsum dolor sit amet, consectetur adipiscing elit. Fusce fermentum eget quam sit amet semper.</span><br></p><p><span style="font-size: 0.9375rem; font-weight: initial;">Aliquam eleifend ante sapien, et condimentum libero fermentum id. Morbi laoreet pretium erat et porttitor. Fusce ipsum eros, euismod nec neque non, lobortis tempor nibh.</span><br></p><p><span style="font-size: 0.9375rem; font-weight: initial;">Mauris fermentum urna sit amet aliquam sollicitudin. Cras mollis viverra imperdiet. Ut lacinia interdum ullamcorper. Nullam accumsan iaculis nunc, a aliquet velit ornare sit amet. Cras hendrerit diam sed nisi hendrerit, sit amet pellentesque velit ultrices. Morbi dictum odio risus, sit amet malesuada lorem ultrices quis. Suspendisse fringilla ut lacus id scelerisque. Proin suscipit accumsan blandit. Nunc pulvinar ligula et tellus aliquam sodales. Phasellus sollicitudin sollicitudin ornare.</span></p>', 'netflix.jpg', 0, 0, 1, '2020-04-23 03:37:27'),
(21, 0, 1, 0, 'Largest hole in the ozone layer heals itself: Coronavirus effect?', ' 4, 13,', '<p>The ozone layer is a protective layer of gas in the stratosphere. It shields the planet from Sun?s harmful ultraviolet radiation, which can otherwise cause skin cancer and cataracts along with other environmental issues.</p><p>Lorem ipsum dolor sit amet, consectetur adipiscing elit. Cras tincidunt nisi nulla, a porta dui interdum at. Etiam est mauris, aliquam eget ultricies ut, pellentesque id metus. Proin fermentum fringilla posuere. Vivamus vulputate aliquet laoreet. Mauris pellentesque libero id semper viverra.</p><p><span style="font-size: 0.9375rem; font-weight: initial;">Morbi venenatis felis dolor, eget iaculis sem rhoncus et. Morbi et purus pellentesque, fringilla nisi vitae, commodo urna. Lorem ipsum dolor sit amet, consectetur adipiscing elit. Fusce fermentum eget quam sit amet semper.</span><br></p><p><span style="font-size: 0.9375rem; font-weight: initial;">Aliquam eleifend ante sapien, et condimentum libero fermentum id. Morbi laoreet pretium erat et porttitor. Fusce ipsum eros, euismod nec neque non, lobortis tempor nibh.</span><br></p><p><span style="font-size: 0.9375rem; font-weight: initial;">Mauris fermentum urna sit amet aliquam sollicitudin. Cras mollis viverra imperdiet. Ut lacinia interdum ullamcorper. Nullam accumsan iaculis nunc, a aliquet velit ornare sit amet. Cras hendrerit diam sed nisi hendrerit, sit amet pellentesque velit ultrices. Morbi dictum odio risus, sit amet malesuada lorem ultrices quis. Suspendisse fringilla ut lacus id scelerisque. Proin suscipit accumsan blandit. Nunc pulvinar ligula et tellus aliquam sodales. Phasellus sollicitudin sollicitudin ornare.</span></p><p>Lorem ipsum dolor sit amet, consectetur adipiscing elit. Cras tincidunt nisi nulla, a porta dui interdum at. Etiam est mauris, aliquam eget ultricies ut, pellentesque id metus. Proin fermentum fringilla posuere. Vivamus vulputate aliquet laoreet. Mauris pellentesque libero id semper viverra.</p><p><span style="font-size: 0.9375rem; font-weight: initial;">Morbi venenatis felis dolor, eget iaculis sem rhoncus et. Morbi et purus pellentesque, fringilla nisi vitae, commodo urna. Lorem ipsum dolor sit amet, consectetur adipiscing elit. Fusce fermentum eget quam sit amet semper.</span><br></p><p><span style="font-size: 0.9375rem; font-weight: initial;">Aliquam eleifend ante sapien, et condimentum libero fermentum id. Morbi laoreet pretium erat et porttitor. Fusce ipsum eros, euismod nec neque non, lobortis tempor nibh.</span><br></p><p><span style="font-size: 0.9375rem; font-weight: initial;">Mauris fermentum urna sit amet aliquam sollicitudin. Cras mollis viverra imperdiet. Ut lacinia interdum ullamcorper. Nullam accumsan iaculis nunc, a aliquet velit ornare sit amet. Cras hendrerit diam sed nisi hendrerit, sit amet pellentesque velit ultrices. Morbi dictum odio risus, sit amet malesuada lorem ultrices quis. Suspendisse fringilla ut lacus id scelerisque. Proin suscipit accumsan blandit. Nunc pulvinar ligula et tellus aliquam sodales. Phasellus sollicitudin sollicitudin ornare.</span></p>', 'ozone.jpg', 0, 0, 1, '2020-04-23 03:48:09'),
(22, 0, 1, 1, 'கொரோனா பரவலில் 2-வது அலை அதிகமாக இருக்கும் - வல்லுநர்கள்..!', ' 4, 6, 8,', '<p>1918 மற்றும் 1919 ல் ஏற்பட்ட புளு காய்ச்சல் மற்றும் 2009 ல் ஏற்பட்ட H1N1 நோய் தொற்றின் பரவல் விபரங்களை பயன்படுத்தி இந்த ஆய்வு முடிவுகளை வெளியிட்டதாக ஆய்வுக்குழு தெரிவித்துள்ளது.</p><p>கொரோனா வைரஸ் தாக்கம் இரண்டாவது அலையில் இன்னும் அதிகமாக இருக்கும் என வல்லுநர்கள் எச்சரிக்கை விடுத்துள்ளனர்.</p><p>கொரோனா வைரஸ் தாக்கமும் உயிரிழப்புகளும் அதிகமாக இருந்த போதிலும் பொருளாதார இழப்புகளையும் மக்களின் வாழ்வாதாரத்தையும் சரி செய்ய வேறு வழியின்றி பெரும்பாலான நாடுகள் ஊரடங்கு கட்டுப்பாடுகளை தளர்த்தியுள்ளன.</p><p>கொரோனா வைரஸ் வேகமாக பரவுவதில் உள்ள மிகப்பெரும் அச்சுறுத்தலே இந்த கட்டுப்பாடுகளை தளர்த்துவதுதான் என டெக்ஸாஸ் பல்கலைகழக வைரஸ் ஆய்வாளர் பெஞ்சமின் நியூமன் தெரிவித்துள்ளார்.</p><div><br></div><p>It took 91 days for the global Covid-19 death toll to pass 100,000 and a further 16 days to reach 200,000, according to the official reports from governments.</p><p>Lorem ipsum dolor sit amet, consectetur adipiscing elit. Cras tincidunt nisi nulla, a porta dui interdum at. Etiam est mauris, aliquam eget ultricies ut, pellentesque id metus. Proin fermentum fringilla posuere. Vivamus vulputate aliquet laoreet. Mauris pellentesque libero id semper viverra.</p><p><span style="font-size: 0.9375rem; font-weight: initial;">Morbi venenatis felis dolor, eget iaculis sem rhoncus et. Morbi et purus pellentesque, fringilla nisi vitae, commodo urna. Lorem ipsum dolor sit amet, consectetur adipiscing elit. Fusce fermentum eget quam sit amet semper.</span><br></p><p><span style="font-size: 0.9375rem; font-weight: initial;">Aliquam eleifend ante sapien, et condimentum libero fermentum id. Morbi laoreet pretium erat et porttitor. Fusce ipsum eros, euismod nec neque non, lobortis tempor nibh.</span><br></p><p><span style="font-size: 0.9375rem; font-weight: initial;">Mauris fermentum urna sit amet aliquam sollicitudin. Cras mollis viverra imperdiet. Ut lacinia interdum ullamcorper. Nullam accumsan iaculis nunc, a aliquet velit ornare sit amet. Cras hendrerit diam sed nisi hendrerit, sit amet pellentesque velit ultrices. Morbi dictum odio risus, sit amet malesuada lorem ultrices quis. Suspendisse fringilla ut lacus id scelerisque. Proin suscipit accumsan blandit. Nunc pulvinar ligula et tellus aliquam sodales. Phasellus sollicitudin sollicitudin ornare.</span></p><p>Lorem ipsum dolor sit amet, consectetur adipiscing elit. Cras tincidunt nisi nulla, a porta dui interdum at. Etiam est mauris, aliquam eget ultricies ut, pellentesque id metus. Proin fermentum fringilla posuere. Vivamus vulputate aliquet laoreet. Mauris pellentesque libero id semper viverra.</p><p><span style="font-size: 0.9375rem; font-weight: initial;">Morbi venenatis felis dolor, eget iaculis sem rhoncus et. Morbi et purus pellentesque, fringilla nisi vitae, commodo urna. Lorem ipsum dolor sit amet, consectetur adipiscing elit. Fusce fermentum eget quam sit amet semper.</span><br></p><p><span style="font-size: 0.9375rem; font-weight: initial;">Aliquam eleifend ante sapien, et condimentum libero fermentum id. Morbi laoreet pretium erat et porttitor. Fusce ipsum eros, euismod nec neque non, lobortis tempor nibh.</span><br></p><p><span style="font-size: 0.9375rem; font-weight: initial;">Mauris fermentum urna sit amet aliquam sollicitudin. Cras mollis viverra imperdiet. Ut lacinia interdum ullamcorper. Nullam accumsan iaculis nunc, a aliquet velit ornare sit amet. Cras hendrerit diam sed nisi hendrerit, sit amet pellentesque velit ultrices. Morbi dictum odio risus, sit amet malesuada lorem ultrices quis. Suspendisse fringilla ut lacus id scelerisque. Proin suscipit accumsan blandit. Nunc pulvinar ligula et tellus aliquam sodales. Phasellus sollicitudin sollicitudin ornare.</span><br></p><p><span style="font-size: 0.9375rem; font-weight: initial;"></span><br></p>', 'medical-masks-coughing.jpg', 0, 0, 1, '2020-04-23 03:48:18'),
(23, 1, 1, 1, 'कोविड-19 के तहत निगरानी समिति को दिए कड़ी नजर रखने के निर्देश', ' 4, 6,', '<p>जिला मजिस्ट्रेट सुखलाल भारती, एसएसपी सुनील कुमार सिंह ने कोविड-19 के तहत सक्रमण से बचाव हेतु जिले की 576 ग्राम पंचायतों में निगरानी समितियों का गठन किया गया है। ग्राम प्रधान, पंचायत सचिव, लेखपाल, रोजगार सेवक, आशा, आंगनवाड़ी कार्यकत्रियों आदि को निगरानी समिति में शामिल करते हुए सौपे दायित्वों का पूर्ण निष्ठा के साथ निर्वहन करने के निर्देश दिए गए हैं। उन्होंने कहा कि निगरानी समिति द्वारा क्षेत्र में कड़ी निगरानी रखी जाए, यदि कोई भी समस्या है तो मुख्यालय पर स्थापित किए गए विभिन्न कन्ट्रोलरूम पर सूचना दी जा सकती है। ग्रामीण क्षेत्र एवं शहरी क्षेत्र में मास्क का प्रयोग शतप्रतिशत सुनिश्चित किया जाए।<br><img src="http://renukatechnologies.in/demo/classic_flutter_news/images/agarthala-covid19.jpg" style="width: 50%;"></p><p>डीएम, एसएसपी ने कहा कि जनपद में प्रवासी लोगो के दृष्टिगत प्रभावी सामुदायिक सर्विलान्स, सामुदायिक जागरूकता, सामुदायिक, व्यक्तिगत स्वच्छता सुनिश्चित कराने तथा सरकार द्वारा उपलब्ध करायी जा रही सुविधाओं को पात्र व्यक्तियों तक पहुंचाने हेतु ग्राम निगरानी समिति का गठन किया जा चुका है। विकासखण्ड स्तर के अधिकारियों को निर्देशित किया गया है कि समिति द्वारा किए जा रहे कार्यो का निरन्तर अनुश्रवण किया जाए ताकि यह समितियां सक्रिय रहकर संक्रमण के नियंत्रण में अपना पूरा योगदान प्रदान करे।</p><p>उन्होने समितियों के कार्यो का उल्लेख करते हुए बताया कि समिति के समस्त सदस्यों के नाम एवं मोबाइल नंबर की सूची सभी ग्राम प्रधानों के पास उपलब्ध होनी चाहिए। ग्राम प्रधान द्वारा ग्राम निगरानी समिति के सभी सदस्यों को सामाजिक दूरी के नियमों का पालन कराएं। समिति द्वारा कोविड-19 से बचाव हेतु सरकार द्वारा समय-समय पर निर्गत दिशा-निर्देशों, निर्णयों से सामान्य जनमानस को अवगत कराया जाए। बिना स्क्रीनिंग कराये सीधे ही अन्य राज्यों, जनपदों से ग्राम में आने वाले प्रवासियों की सूचना खण्ड विकास अधिकारी के माध्यम से तहसील को दें।</p>', 'covid-disinfectant-delhi.jpg', 0, 0, 1, '2020-05-11 21:59:41');

-- 
-- Dumping data for table tbl_category
--
INSERT INTO tbl_category VALUES
(1, 'Technology', 'technology.jpg', 0, '1', 1),
(2, 'Devotional', 'devotional.jpg', 0, '1', 2),
(3, 'Sports', 'sports.jpg', 0, '1', 4),
(4, 'COVID - 19', 'covid_-_19.jpg', 0, '1', 3),
(5, 'Bollywood', 'bollywood.jpg', 0, '1', 5),
(6, 'Health', 'health.jpg', 0, '1', 6),
(7, 'Women & Child empowerment', 'education.jpg', 0, '1', 1),
(8, 'World', 'world.jpg', 0, '1', 8),
(9, 'Travel', 'travel.jpg', 0, '1', 1),
(10, 'Programming', 'programming.jpg', 0, '1', 1),
(11, 'Startup', 'startup.jpg', 0, '1', 1),
(12, 'Business', 'business.jpg', 0, '1', 7),
(13, 'Science', 'science.jpg', 0, '1', 13);

-- 
-- Dumping data for table tbl_admin
--
INSERT INTO tbl_admin VALUES
(1, 'Unknown', 'unknown@example.com', 'ca8295bfdbb049a138a736012348e7a0', 'profile.png', '2cfe11459b94fa8ef50a7d38bf3db0cd', '1');